feature,vif
rsi_1h,78.1517353392879
tnx_level,70.54447726554959
vix_level,18.893065315195546
atr_pct_1h,8.9085016513798
entropy_20,3.6946107968199637
macd_pct_1h,3.2905567403912257
smc_bias_1h,3.0085310988617873
zone_dist_atr,2.7251411548423934
at_zone,2.2094557866177045
ema_cross_1h,1.9486927965232128
ret_5,1.9283678407384612
ret_1,1.3221709544546054
dxy_return_1d,1.002059110129555
